2025-04-25T22:25:30,ADD,1,Yes!,endUser,1,,BASE
2025-04-25T22:25:45,ADD,1,Yes!,endUser,1,,BASE
2025-04-25T22:25:57,ADD,1,Yes!,endUser,1,,BASE
2025-04-25T22:39:19,ADD,1,Yes!,endUser,1,,BASE
2025-04-25T22:41:36,ADD,1,Yes!,endUser,1,,BASE
2025-04-25T22:41:39,ADD,1,Yes!,endUser,1,,BASE
2025-04-25T22:42:39,ADD,1,Yes!,endUser,1,,BASE
2025-04-25T22:42:40,ADD,1,Yes!,endUser,1,,BASE
2025-04-25T22:55:01,ADD,1,Yes!,endUser,1,,BASE
2025-04-25T22:55:26,ADD,1,Yes!,endUser,1,,BASE
2025-04-25T22:58:48,ADD,1,Yes!,endUser,1,,BASE
2025-04-26T22:44:02,ADD,1,Yes!,endUser,1,,BASE
2025-04-26T23:04:35,ADD,1,Yes!,endUser,1,,BASE
2025-04-26T23:04:55,ADD,1,Yes!,endUser,1,,BASE
2025-04-26T23:05:56,DELETE,1
2025-04-26T23:06:50,ADD,14,Help,endUser,1,,TOPLEVEL
2025-04-26T23:07:11,DELETE,14
2025-04-26T23:15:11,ADD,16,Help,endUser,1,,TOPLEVEL
2025-04-26T23:16:41,DELETE,16
2025-04-26T23:17:16,ADD,17,duwhdb,endUser,2,,BASE
2025-04-26T23:18:04,DELETE,17
